{"obstacles": [[39, 315, 78], [879, 318, 97]], "robots": [[282, 336, 136.82113524097718, 124.80785231707178, 13, 6], [616, 341, 105.4387124482674, 117.65202930676547, 11, 5]], "Q_curr": [[-61.15898683560858, 23.646343347177787], [120.17635342123464, 40.46478809083812]], "Q_trgt": [[55.41244173582004, -24.353656652822217], [180, -14.39235476630474]]}