{"obstacles": [[588, 86, 195], [1327, 86, 193], [948, 434, 123], [468, 529, 44], [582, 569, 28]], "info": [0, 1496, 0, 665.3375244140625, 40, 20, 35], "Q_curr": [258, 323.14999771118164, -2.2531128816696446], "Q_trgt": [1304, 447.14999771118164, 1.57]}