{"obstacles": [[620, 211, 87], [1401, 146, 109], [914, 541, 87]], "info": [0, 1496, 0, 665.3375244140625, 50, 33.266876220703125, 74.8], "Q_curr": [344, 538.1499977111816, -2.4199378027250322], "Q_trgt": [1188, 439.14999771118164, 2.0926306066093074]}