{"obstacles":[[752,47,44]],"robots":[[663,311,127.40260206137343,181.0331461362808,122.18428704215611,120.61509026651682,27,21,12,6]],"Q_curr":[[-118.60697018212753,-50.89016996706415,-21.35312568492888,-29.44206799448135]],"Q_trgt":[[-1.1703056757570762,-50.89016996706415,-21.35312568492888,-29.44206799448135]]}